,budget_x,movie_facebook_likes,War,actor_3_facebook_likes,Drama,Action,cast_total_facebook_likes,cinematographer,mpaa,composer
0,3.175138096,0.472756298,0,-0.188126073,0,1,-0.637123922,162,2,89
1,4.741639824,-0.569035602,0,-0.141460024,0,1,1.518664954,49,2,79
2,3.131473801,4.608354445,0,6.938906084,0,1,4.412255185,257,2,79
3,3.39772592,0.188631234,0,-0.29272239,0,1,-0.783812287,45,2,136
4,3.836010438,-0.569035602,0,0.824044446,0,1,1.404970325,21,2,35
5,2.837800745,3.156159676,0,5.651566792,0,1,3.68109221,17,2,45
6,2.743908691,5.650146345,0,0.180374799,0,1,0.334655529,142,2,112
7,2.874081092,-0.569035602,0,-0.172678001,0,1,0.609157463,172,2,102
8,3.226327798,-0.411188344,0,-0.141460024,0,1,1.525402414,49,2,79
9,2.365325844,0.94629807,0,-0.141460024,0,1,1.390207363,23,2,79
10,2.555673163,3.156159676,0,-0.222562399,0,1,0.138724262,6,2,79
11,3.024656729,-0.569035602,0,-0.398606047,0,1,0.247811658,134,1,82
12,2.548439965,3.314006933,0,5.651566792,0,1,3.467920973,224,2,5
13,2.548439965,3.314006933,0,5.651566792,0,1,3.467920973,224,2,5
14,3.233504723,1.261992586,0,-0.141460024,0,1,1.802678596,49,2,79
15,2.645612271,0.693742458,0,-0.232217444,0,1,-0.253782293,21,2,45
16,2.742784577,1.198853683,0,-0.153367912,0,1,0.534748168,125,2,89
17,2.324714334,-0.032354926,0,-0.225780747,1,1,-0.71589275,123,2,125
18,2.154127293,-0.569035602,0,-0.141460024,0,0,0.31761372,101,2,9
19,2.743908691,1.703964907,0,3.076888207,0,1,2.333501232,251,2,84
20,2.334660891,0.820020264,0,-0.261504413,0,1,0.445080508,248,2,172
21,1.011823846,4.166382124,0,-0.141460024,0,1,-0.457590443,125,2,136
22,2.8628136,-0.569035602,0,0.824044446,0,1,1.272846763,21,2,45
23,2.079804867,2.430062291,0,0.502209623,0,1,0.630707426,128,2,27
24,2.324714334,0.188631234,0,3.076888207,0,0,3.084480264,49,1,45
25,2.409803307,-0.569035602,0,-0.313963489,0,1,-0.717180794,18,2,172
26,2.187935567,1.198853683,0,-0.20325231,0,1,-0.679034883,6,2,172
27,2.365325844,1.325131489,0,3.076888207,0,0,2.76167669,181,1,45
28,1.716935958,0.378047943,0,-0.141460024,0,1,0.389149687,39,1,178
29,2.241375477,-0.253341087,0,-0.213551024,0,0,-0.654562053,226,0,136
30,2.241375477,0.188631234,0,-0.358376694,0,1,-0.001870664,65,2,91
31,2.409803307,-0.569035602,0,-0.145322041,0,1,0.484167682,225,2,45
32,1.742214605,2.39849284,0,4.042392676,0,1,3.044501368,151,2,27
33,1.889457548,3.503423642,0,-0.141460024,0,1,0.728103347,18,2,126
34,2.001503325,2.019659422,0,5.973401615,0,1,3.653052489,172,2,102
35,1.889457548,2.335353937,0,-0.164632131,0,1,0.184103034,45,2,136
36,1.984631207,0.125492331,0,-0.418237971,0,0,-0.789113082,172,2,102
37,2.324714334,0.157061783,0,-0.387341828,0,1,-0.076577201,126,2,82
38,1.889457548,2.051228873,0,-0.167528644,0,1,0.072885412,97,2,158
39,2.142162553,0.883159167,0,-0.276308814,0,1,-0.748143383,6,2,172
40,2.179892599,-0.411188344,0,-0.141460024,0,1,-0.135529971,110,2,106
41,1.58143564,0.378047943,0,-0.42950219,0,1,-0.810861205,232,2,136
42,1.291623116,-0.569035602,0,-0.407617422,0,1,-0.820868314,107,2,116
43,2.409803307,-0.158632732,0,-0.363526051,0,1,-0.770386908,61,2,80
44,2.409803307,-0.569035602,0,2.755053384,1,0,1.54482215,208,1,5
45,1.48657784,0.820020264,0,3.720557853,0,1,1.468332169,128,2,136
46,1.492014637,0.346478492,0,-0.43014586,1,1,0.17241156,101,2,168
47,1.492014637,0.346478492,0,-0.43014586,1,1,0.17241156,101,2,168
48,2.318852222,-0.569035602,0,-0.436904391,0,0,-0.811356606,68,1,82
49,1.456246235,1.13571478,0,-0.141460024,0,1,1.584751505,172,2,102
50,2.179892599,0.599034104,0,3.076888207,1,1,1.986918389,257,2,91
51,1.892685205,0.283339589,0,-0.378974123,0,0,-0.746062697,112,1,136
52,1.229532952,-0.253341087,0,0.824044446,0,1,1.06794873,161,2,158
53,1.335128469,-0.569035602,0,-0.271803127,0,1,-0.424249926,229,2,159
54,1.402593633,1.956520519,0,-0.35741119,0,1,-0.317441377,216,2,173
55,2.046314271,-0.505896699,0,1.789548915,0,0,4.474527145,104,1,99
56,1.591352394,1.861812164,0,-0.299480922,0,1,-0.249819082,65,2,33
57,1.892685205,-0.569035602,0,-0.279848997,0,1,0.445278669,170,2,5
58,2.324714334,-0.000785475,0,0.824044446,0,1,1.532932516,161,2,99
59,1.576716904,1.104145328,0,3.076888207,1,1,2.73393421,96,2,91
60,1.628638842,2.240645582,0,-0.191022586,0,1,-0.107936111,61,1,91
61,1.442206601,0.851589716,0,-0.178792863,1,1,-0.165055897,168,2,136
62,1.60393657,0.535895201,0,-0.14725305,1,1,0.16200813,123,2,86
63,1.442206601,1.167284231,0,0.180374799,0,1,0.916157731,251,2,84
64,1.615639562,-0.569035602,0,-0.394744029,0,0,-0.647329192,259,1,82
65,1.742214605,0.599034104,0,-0.268906614,0,1,-0.626621412,39,1,136
66,1.34899048,0.72531191,0,-0.282423676,0,1,-0.72981353,201,1,84
67,1.479544598,0.693742458,0,-0.195206439,0,0,-0.656097797,201,1,84
68,1.223751625,1.546117649,0,-0.291113216,0,1,-0.716437692,153,2,80
69,1.615639562,0.472756298,0,-0.219022216,0,1,0.136643576,92,1,104
70,2.959202658,-0.569035602,0,-0.401824395,0,1,-0.788964462,66,3,126
71,1.442206601,2.461631743,0,0.502209623,0,1,0.730382194,17,2,186
72,1.34899048,10.44870297,0,1.467714092,1,0,0.683319058,102,2,79
73,1.514343167,4.955618412,0,6.938906084,0,1,3.14184775,257,2,79
74,-0.798946417,-0.127063281,0,0.824044446,0,1,1.368905101,82,2,23
75,-0.798946417,-0.127063281,0,0.824044446,0,1,1.368905101,82,2,23
76,-0.798946417,-0.127063281,0,0.824044446,0,1,1.368905101,82,2,23
77,1.440723985,0.157061783,0,-0.167528644,1,0,-0.216082244,39,2,9
78,1.447672081,1.13571478,0,-0.141460024,0,1,1.649104152,123,2,84
79,1.194421536,0.630603555,0,4.042392676,0,1,3.155223589,117,2,91
80,1.311750375,-0.221771635,0,-0.344215962,0,1,-0.213357536,23,1,184
81,1.795325555,-0.569035602,0,-0.237366801,1,1,3.703682515,126,2,114
82,1.313172629,0.378047943,0,3.076888207,0,0,3.126539846,241,1,45
83,1.134330621,2.240645582,0,-0.254745881,0,1,-0.603882486,229,2,158
84,1.103122691,2.019659422,0,0.180374799,0,1,1.049173016,139,2,121
85,1.413046771,-0.221771635,0,-0.444306592,0,0,-0.838752306,47,1,47
86,1.692524602,-0.569035602,0,-0.240906984,1,1,-0.609034661,125,2,79
87,1.50724916,-0.31647999,0,-0.276308814,0,1,-0.761023821,170,2,172
88,1.440723985,-0.569035602,0,-0.148218555,0,1,0.192673478,248,2,104
89,1.50724916,-0.221771635,0,-0.283711015,1,0,-0.228814061,9,2,91
90,1.644519934,-0.569035602,0,-0.274055971,0,0,1.988999075,191,1,45
91,1.50724916,-0.253341087,0,-0.156264425,1,0,-0.640591732,203,0,136
92,1.644519934,-0.095493829,0,3.076888207,0,1,2.073910881,257,2,91
93,1.375567104,-0.505896699,0,-0.141460024,0,0,1.80049883,125,1,5
94,1.375567104,-0.569035602,0,0.180374799,0,1,1.107679925,68,2,82
95,1.787616617,-0.569035602,0,-0.453639802,0,1,-0.850146538,21,3,59
96,1.508762911,1.419839843,0,3.39872303,0,1,2.086048216,139,2,27
97,1.375567104,-0.569035602,0,-0.368675409,0,1,-0.036994626,220,2,79
98,1.249246232,1.419839843,0,3.39872303,0,1,2.098730492,99,2,149
99,1.440723985,-0.569035602,0,-0.238332305,1,0,0.114548672,222,1,104
100,1.375567104,-0.569035602,0,-0.404720909,0,1,-0.766770477,23,1,184
101,1.188027679,0.030783977,0,-0.301733765,0,1,-0.074843296,17,2,93
102,0.216304619,2.019659422,0,4.686062322,0,0,3.128670072,28,2,45
103,1.311750375,-0.569035602,0,-0.411157605,1,0,-0.229061762,228,3,45
104,1.249246232,0.062353428,0,-0.458467324,0,1,0.164485137,43,1,104
105,1.311750375,-0.000785475,0,-0.351939998,0,1,-0.735064786,9,1,91
106,1.575171364,-0.569035602,0,-0.148218555,0,1,0.848238195,45,2,136
107,1.128068274,0.472756298,0,-0.380905132,1,1,0.025227794,11,2,80
108,1.249246232,-0.569035602,0,-0.323940368,0,1,-0.745220515,208,1,104
109,1.011823846,0.188631234,0,-0.336491926,0,0,0.183211311,123,1,104
110,1.011823846,0.188631234,0,-0.336491926,0,0,0.183211311,123,1,104
111,2.289069212,-0.569035602,0,-0.191666256,1,0,0.012347357,214,3,89
112,0.848183409,1.388270392,0,-0.359664034,0,1,-0.772715294,204,2,177
113,0.848183409,1.388270392,0,-0.359664034,0,1,-0.772715294,204,2,177
114,1.622188668,-0.505896699,0,-0.197459283,0,1,-0.142267431,95,2,45
115,1.50724916,-0.474327247,0,-0.153046077,0,1,0.685052963,208,2,5
116,1.150033308,0.535895201,0,-0.241228819,0,1,0.201788865,205,2,136
117,0.520632788,-0.505896699,0,-0.388307333,0,0,-0.777669309,116,2,177
118,1.553299409,-0.569035602,1,-0.32007835,1,1,-0.284843963,128,3,79
119,1.375567104,0.030783977,0,-0.147574885,0,1,1.069534015,45,2,136
120,1.598264882,-0.411188344,0,0.824044446,0,1,1.128982187,66,2,45
121,0.976125997,0.883159167,0,-0.15658626,0,1,0.281548495,92,1,104
122,0.776646606,0.188631234,0,-0.371893757,0,1,0.102758118,185,2,126
123,1.307353791,-0.569035602,0,-0.253136707,0,1,-0.742594887,61,2,23
124,0.961872623,-0.000785475,0,-0.330377065,1,1,-0.751264412,142,3,186
125,1.483004247,-0.569035602,0,-0.380261462,0,1,-0.786735155,87,2,45
126,0.747373637,0.756881361,0,-0.162701122,0,1,0.706602925,232,2,84
127,1.619246043,-0.569035602,0,-0.327480551,0,1,-0.132755723,171,2,64
128,1.050820383,0.883159167,0,0.180374799,0,1,0.102361797,228,2,5
129,1.787616617,-0.569035602,0,-0.409226596,1,1,-0.816905102,218,2,87
130,0.604993843,1.482978746,0,3.39872303,1,0,2.055036086,97,2,31
131,0.604993843,1.482978746,0,3.39872303,1,0,2.055036086,97,2,31
132,1.440723985,-0.569035602,0,-0.179436533,0,1,-0.588723202,185,2,41
133,0.737927311,5.429160184,0,-0.227389921,1,1,1.952537529,75,3,10
134,0.842547296,-0.158632732,0,-0.314285324,0,0,-0.013809839,33,1,84
135,0.951607459,0.251770137,0,-0.161091948,0,0,1.268041369,213,1,79
136,0.644744983,-0.569035602,0,-0.179114698,0,1,-0.016138226,175,2,104
137,1.01834192,-0.379618893,0,-0.282423676,0,1,-0.244765987,259,1,104
138,0.646628466,1.35670094,0,-0.244447167,0,1,-0.592735954,219,2,33
139,0.747373637,2.019659422,0,-0.294975234,0,1,1.568452798,117,2,91
140,1.239920562,-0.569035602,0,-0.203574144,0,0,-0.244567827,110,2,106
141,1.318982201,-0.569035602,0,-0.181045707,0,1,-0.234857959,6,3,184
142,0.852394534,-0.063924378,0,-0.335526422,0,0,-0.626621412,92,1,84
143,0.501379207,0.157061783,0,-0.372537427,0,1,-0.262005957,205,2,91
144,0.603261515,1.672395455,0,2.111383738,1,1,0.726270362,161,2,39
145,0.747373637,0.599034104,0,-0.175574515,1,1,-0.174716225,187,2,91
146,1.452598386,-0.569035602,0,-0.338422935,0,0,-0.730705253,57,1,91
147,0.640547963,-0.221771635,0,-0.141460024,0,0,1.778106685,97,1,5
148,0.747373637,0.062353428,0,-0.141460024,0,1,0.686341006,5,2,33
149,1.553299409,-0.253341087,0,-0.141460024,0,1,1.510441291,49,2,114
150,0.603261515,1.072575877,0,4.042392676,0,1,3.155223589,117,2,91
151,1.024785886,-0.569035602,0,-0.346790641,0,1,-0.083562361,220,2,79
152,0.193110583,-0.569035602,0,-0.445272097,0,0,-0.825525087,198,0,104
153,0.75318161,1.13571478,0,3.39872303,0,1,1.865198257,232,2,27
154,0.805268395,-0.095493829,0,-0.189735247,0,1,0.015270225,185,2,158
155,0.702166149,0.409617395,0,-0.269550283,0,1,-0.27344973,205,2,91
156,1.340372272,-0.569035602,0,-0.258607899,0,0,-0.671207541,69,1,89
157,1.141580437,0.030783977,0,-0.20196497,0,1,0.141597591,253,2,80
158,1.390250545,-0.569035602,0,-0.253136707,0,1,-0.285587065,115,2,79
159,1.76433759,-0.569035602,0,-0.314928993,1,1,-0.74363523,126,2,89
160,1.075997072,-0.569035602,0,-0.237366801,0,1,-0.118537702,141,1,102
161,0.604993843,3.282437482,0,-0.353549172,1,0,-0.771526331,39,1,139
162,0.644744983,-0.569035602,0,-0.333917248,0,1,-0.182196786,218,2,35
163,1.084664993,-0.569035602,0,-0.141460024,0,1,-0.676161555,219,2,62
164,0.799338455,2.493201194,0,-0.256998725,0,0,0.317217399,49,3,125
165,1.14371293,-0.554545224,0,-0.290469547,0,0,-0.743734311,239,1,5
166,0.461852659,1.35670094,0,-0.141460024,1,1,-0.00028538,251,3,169
167,0.682584926,-0.569035602,0,-0.280814502,0,1,-0.026541656,103,3,77
168,0.137180911,1.325131489,0,-0.141460024,0,1,-0.175063006,148,2,153
169,0.807150887,-0.569035602,0,-0.435295217,1,1,-0.831915766,59,1,136
170,0.703971999,-0.569035602,0,-0.412766779,1,0,-0.827407613,110,2,79
171,0.557026319,1.672395455,0,-0.141460024,0,1,0.213480338,39,2,18
172,0.812843446,-0.253341087,0,0.824044446,0,1,1.305246017,59,2,106
173,1.024093995,-0.569035602,0,0.824044446,0,1,1.253129786,59,1,106
174,0.557026319,1.577687101,0,-0.164310296,0,1,0.300225129,217,2,126
175,1.024093995,-0.569035602,1,-0.264722761,1,1,-0.131219979,115,3,89
176,0.329541586,-0.063924378,0,2.433218561,1,1,1.437864981,188,2,91
177,0.603261515,1.388270392,0,-0.325227708,0,1,-0.74333799,148,2,27
178,0.687225602,-0.190202184,0,-0.206148823,0,1,-0.465120545,148,2,172
179,0.464030776,0.72531191,0,-0.43819173,1,1,-0.814130854,160,2,126
180,0.464030776,0.72531191,0,-0.43819173,1,1,-0.814130854,160,2,126
181,0.281433086,1.072575877,0,-0.178792863,1,1,-0.048388859,237,2,13
182,1.016163499,-0.442757796,1,-0.141460024,1,1,0.087152973,29,3,106
183,0.797333804,-0.569035602,0,-0.350652659,0,0,0.082446659,240,2,51
184,0.970187647,-0.569035602,0,-0.359664034,0,1,0.249050161,23,2,104
185,0.281433086,0.283339589,0,-0.141460024,0,1,0.244096147,84,2,111
186,0.797333804,-0.569035602,0,-0.197137448,1,0,0.836596261,209,2,85
187,0.541897766,-0.569035602,0,-0.425962007,0,0,-0.818490387,59,1,84
188,0.653968685,-0.127063281,0,-0.224815243,0,1,-0.213208916,125,2,91
189,0.323613152,1.672395455,0,-0.141460024,1,1,-0.352317638,229,3,112
190,0.455542836,0.409617395,0,-0.427571181,0,0,-0.842319196,189,1,83
191,0.271505341,-0.569035602,0,-0.450421454,0,0,-0.831321284,189,1,83
192,0.366679,3.314006933,0,-0.324905873,0,1,-0.237136805,68,2,172
193,0.644744983,-0.569035602,0,-0.367709904,0,1,-0.184971034,229,2,126
194,0.797333804,-0.569035602,0,-0.319434681,0,1,-0.71931102,189,1,182
195,0.886460449,-0.569035602,0,-0.212263685,1,0,-0.173329101,75,3,155
196,0.826916064,-0.539170901,0,-0.323618533,0,0,-0.739771099,75,1,54
197,1.026831559,-0.569035602,0,-0.313319819,1,1,-0.278750525,229,2,126
198,1.194965076,-0.569035602,0,-0.400537056,1,1,0.094385834,123,3,82
199,0.244913548,4.261090479,0,-0.343572292,1,0,-0.14187111,49,2,82
200,1.105054104,-0.569035602,0,0.502209623,0,1,0.849328078,162,2,172
201,0.517380771,-0.569035602,0,0.502209623,0,1,0.563481451,176,2,184
202,0.841589544,0.09392288,0,-0.239619645,1,1,-0.5535497,123,3,120
203,0.713084765,-0.569035602,0,-0.291756886,0,1,-0.255070337,110,2,106
204,0.715477143,-0.569035602,0,-0.280814502,0,1,-0.739077537,191,2,45
205,0.341330902,-0.569035602,0,-0.141460024,1,0,2.323642743,47,3,64
206,0.429118939,-0.569035602,0,-0.282745511,1,0,0.131739102,100,3,125
207,0.341330902,-0.569035602,0,-0.33938844,0,1,0.109545118,248,3,82
208,0.298786415,-0.569035602,0,-0.235435792,0,0,0.316424756,197,2,170
209,0.298786415,-0.063924378,0,-0.428858521,0,1,0.125744745,175,2,107
210,0.060828929,2.840465161,0,3.720557853,0,1,1.99083206,228,3,27
211,0.567836049,-0.569035602,0,-0.353549172,0,1,-0.198941355,29,1,184
212,0.474400408,-0.569035602,0,-0.397962378,0,1,-0.654314352,103,1,149
213,0.176331682,-0.032354926,0,-0.424674668,0,0,-0.155692809,198,1,45
214,0.298786415,0.220200686,0,0.502209623,0,1,1.856776432,126,2,91
215,-0.106399168,-0.063924378,0,-0.277596154,0,1,-0.664271921,58,1,50
216,0.567836049,-0.569035602,0,-0.281136337,0,1,-0.720846764,244,2,114
217,0.137180911,0.09392288,0,-0.312997984,0,1,-0.072316748,47,2,69
218,0.137180911,0.09392288,0,-0.312997984,0,1,-0.072316748,47,2,69
219,1.622188668,-0.569035602,0,-0.231573774,0,0,0.458010486,196,1,91
220,0.341330902,-0.569035602,0,-0.29400973,0,1,-0.353853383,65,2,136
221,0.190134241,0.599034104,0,-0.190378917,0,1,-0.680322927,82,2,112
222,0.160988902,-0.541222915,0,-0.390238342,0,0,-0.817400504,95,1,159
223,0.098835396,0.283339589,0,-0.279527163,1,1,0.526772205,13,2,167
224,0.665237191,-0.55590271,0,-0.243481662,0,1,-0.571384152,175,2,104
225,0.080575627,0.472756298,0,-0.451708793,1,0,-0.861293071,198,0,33
226,0.66662477,-0.569035602,0,-0.273090466,0,1,-0.085345806,1,2,5
227,0.665237191,-0.569035602,0,-0.141460024,1,0,1.484333635,163,3,85
228,0.338338293,-0.569035602,0,-0.313641654,0,0,-0.195523085,202,2,47
229,0.520067652,-0.253341087,1,-0.28403285,1,0,-0.665064563,230,3,79
230,0.298786415,-0.569035602,0,-0.230930104,1,0,-0.650945622,127,3,1
231,0.119132312,-0.127063281,0,-0.168494149,1,0,0.379439819,198,1,104
232,0.007536551,1.198853683,0,-0.301733765,1,0,-0.645198966,99,1,149
233,-0.38263444,-0.063924378,0,-0.363526051,1,0,-0.759190835,9,2,26
234,0.475440252,-0.063924378,0,-0.32941156,1,0,-0.557859693,9,2,85
235,0.521694469,-0.253341087,0,-0.187482403,1,0,0.265398409,9,2,85
236,0.04396479,-0.063924378,0,-0.216769372,0,1,-0.029563605,172,2,126
237,1.08186994,-0.569035602,0,-0.386054489,0,1,-0.274688234,185,2,77
238,0.544493838,-0.569035602,0,-0.293687895,0,1,-0.749084646,228,2,59
239,0.118218893,0.914728619,0,-0.212585519,1,1,-0.226733375,9,2,149
240,0.17357779,-0.569035602,0,-0.357089355,1,1,-0.796643184,29,1,89
241,0.024053827,1.514548198,0,-0.310101471,0,1,-0.109670016,131,3,126
242,0.728484477,-0.546905416,1,-0.181045707,1,0,-0.590258947,61,2,31
243,0.298786415,-0.000785475,0,-0.141460024,0,1,0.40054392,18,2,82
244,0.471215279,-0.569035602,0,-0.417916137,0,1,-0.84370632,159,2,116
245,0.766772135,-0.569035602,0,-0.280492667,1,0,-0.238028528,66,2,5
246,-0.014015637,1.640826004,0,-0.327158716,1,0,-0.624193945,241,1,177
247,0.567259044,-0.569035602,0,-0.313319819,0,1,-0.112741505,219,2,62
248,0.254246217,0.346478492,0,-0.141460024,1,0,1.384807487,163,3,85
249,0.215815996,-0.569035602,1,-0.167850479,0,1,0.286799751,128,3,177
250,0.058691138,1.13571478,0,-0.275021475,1,0,0.133423467,114,3,180
251,0.134483661,0.062353428,0,-0.22932093,0,1,0.312164304,191,2,79
252,-0.143208759,-0.569035602,1,-0.167528644,1,0,-0.174864845,172,2,102
253,0.17357779,-0.569035602,0,-0.301411931,0,0,-0.210484208,164,2,168
254,-0.120281832,0.662173007,0,-0.141460024,0,1,0.875485274,6,2,84
255,0.715477143,-0.221771635,0,-0.244125332,1,0,-0.568609904,110,2,106
256,0.381713369,-0.537844984,0,-0.32136569,0,0,-0.746706719,197,1,129
257,0.642076453,-0.569035602,0,-0.327158716,0,1,-0.759884397,132,3,94
258,-0.014015637,0.31490904,0,-0.167850479,0,0,-0.337505135,228,1,13
259,0.498871973,-0.569035602,0,0.502209623,0,1,0.765852936,59,2,5
260,0.517380771,-0.569035602,0,-0.372859261,0,0,-0.633755192,234,1,66
261,0.058691138,0.030783977,0,-0.350652659,0,0,-0.278601905,198,1,104
262,0.250899873,-0.569035602,0,-0.290469547,1,0,-0.751611193,220,2,179
263,0.311418207,-0.569035602,0,-0.270515788,1,0,-0.192550676,125,2,160
264,0.517380771,0.157061783,0,-0.375755775,1,0,-0.091984185,66,2,5
265,0.474400408,-0.569035602,0,-0.150793233,0,0,2.64055104,56,1,104
266,-0.005908339,-0.569035602,0,-0.421778154,0,1,-0.175063006,175,2,104
267,0.349084346,-0.569035602,0,-0.311710645,0,0,-0.231191988,240,2,51
268,0.105679873,-0.569035602,0,-0.425318338,0,0,-0.8438054,66,1,4
269,-0.0752123,0.030783977,0,-0.199390292,0,1,0.918585198,175,3,158
270,-0.238947635,-0.569035602,0,-0.291113216,0,1,-0.689933715,47,2,33
271,0.144169122,0.030783977,0,-0.394744029,0,0,-0.013463058,60,2,79
272,0.031060041,-0.569035602,0,-0.153367912,1,0,-0.122302753,128,3,83
273,-0.142467451,0.977867522,0,-0.141460024,0,1,0.22447825,5,2,112
274,-0.066160824,-0.569035602,1,-0.453961637,1,0,-0.623797624,206,3,89
275,0.264554765,-0.569035602,0,-0.28403285,0,1,-0.037886349,248,2,82
276,0.183466645,-0.569035602,0,-0.395709534,1,0,-0.758695434,65,2,106
277,0.306380387,-0.539328748,0,-0.407939257,1,1,-0.804272366,0,3,77
278,-0.0752123,-0.000785475,0,-0.202930475,1,0,-0.309168173,26,1,4
279,-0.511584752,0.567464652,0,-0.231895609,0,1,-0.248085177,21,2,147
280,-0.321238255,-0.569035602,0,-0.429180355,0,1,-0.805312709,122,2,35
281,-0.106097638,-0.557228627,0,-0.279527163,0,0,-0.736996851,61,2,54
282,0.2824566,-0.569035602,0,-0.37607761,0,0,-0.561773364,51,1,54
283,-0.186062165,-0.348049441,0,-0.388307333,1,0,-0.247441155,61,2,168
284,-0.005102772,-0.569035602,0,-0.26536643,0,1,-0.711830458,239,1,34
285,0.067982273,-0.569035602,0,-0.295618904,0,1,0.206495178,16,2,104
286,0.067982273,-0.474327247,0,-0.411801275,0,1,-0.696671175,97,2,45
287,-0.325572216,-0.190202184,0,-0.303986609,1,0,0.952817437,100,3,56
288,0.31786768,-0.569035602,0,-0.155620756,0,1,-0.587336078,193,2,184
289,0.170827882,-0.569035602,0,-0.141460024,1,0,0.177415114,61,2,99
290,-0.106399168,1.230423134,0,1.145879269,0,1,1.419832368,115,3,27
291,-0.211253528,3.850687609,0,-0.278239823,0,1,1.597532862,249,2,91
292,-0.139734711,1.198853683,0,-0.314928993,0,0,-0.076874441,143,3,33
293,-0.128224028,0.125492331,0,-0.427893016,0,1,0.372801439,76,2,5
294,0.116033416,-0.569035602,0,-0.327802386,0,0,-0.198247793,61,2,174
295,-0.238947635,-0.569035602,0,-0.227389921,0,0,-0.674823971,245,0,130
296,-0.204362955,-0.127063281,0,3.076888207,0,0,1.068790913,243,2,168
297,-0.037613243,-0.569035602,0,3.076888207,0,1,1.342698365,61,2,184
298,0.147396161,-0.569035602,0,-0.352905502,1,0,0.246919935,163,2,79
299,-0.037613243,-0.569035602,0,-0.303986609,0,0,-0.240951396,164,1,168
300,0.186761452,-0.569035602,0,-0.200033961,1,0,-0.042939443,40,3,179
301,-0.139734711,0.030783977,0,-0.301411931,0,0,-0.067858135,243,2,168
302,-0.037613243,-0.569035602,0,-0.168815984,0,1,-0.597343187,49,2,27
303,0.12396444,-0.569035602,0,4.686062322,1,0,2.150797183,126,3,71
304,-0.106399168,0.062353428,0,2.755053384,1,1,1.342648825,66,3,22
305,-0.296139261,-0.569035602,0,-0.451065123,0,0,-0.813833613,130,1,33
306,-0.037613243,-0.569035602,0,-0.440444574,1,0,0.222892966,59,2,186
307,-0.459402262,2.019659422,1,-0.238975975,1,1,0.13456289,216,3,173
308,-0.106399168,-0.569035602,0,-0.342606788,0,0,-0.658921585,182,1,99
309,-0.139734711,-0.569035602,0,-0.376721279,0,0,-0.609480522,164,1,168
310,0.108840538,-0.569035602,0,-0.301733765,1,0,0.116976139,242,3,157
311,0.186761452,-0.474327247,0,-0.430467695,0,1,-0.78153344,68,2,114
312,0.226953414,-0.569035602,0,-0.199390292,0,1,0.408569423,176,3,152
313,-0.041310784,-0.539013053,0,-0.41083577,0,1,-0.734718005,189,1,89
314,0.267989407,-0.569035602,0,-0.251527533,0,0,0.371315235,243,2,174
315,0.250899873,-0.569035602,0,-0.182976716,0,1,0.466630471,172,2,46
316,-0.072363579,-0.569035602,0,-0.141460024,0,1,0.021660904,175,2,163
317,0.267989407,-0.569035602,0,-0.404399074,1,0,-0.786190213,10,2,182
318,-0.204362955,-0.569035602,0,-0.395709534,0,0,-0.778957353,121,1,151
319,-0.629819502,-0.569035602,0,-0.450099619,0,1,-0.828497496,93,2,63
320,-0.072363579,-0.569035602,0,-0.453639802,1,0,-0.845935626,65,2,11
321,0.147396161,-0.569035602,1,-0.14725305,0,1,1.297567295,29,2,27
322,-0.083762294,0.09392288,0,-0.266331935,0,1,-0.03828267,61,2,172
323,0.018598044,-0.537623998,0,-0.463294847,0,1,-0.876501895,187,2,77
324,-0.310422688,0.346478492,0,-0.291113216,1,0,-0.73655099,213,2,89
325,-0.191819067,-0.569035602,0,-0.230930104,0,1,0.502695695,59,1,13
326,0.567836049,-0.569035602,0,-0.141460024,1,1,0.952668817,228,2,91
327,-0.159577296,-0.569035602,0,-0.285320189,0,0,0.481046653,60,1,168
328,0.053669278,-0.569035602,0,-0.215160198,0,1,0.37656649,159,2,47
329,-0.002133149,-0.569035602,0,-0.35805486,0,0,-0.761519222,195,2,102
330,0.168232862,-0.555997418,0,-0.16591947,0,0,0.513000045,245,1,130
331,0.100532719,-0.569035602,0,-0.191344421,0,1,-0.643068739,44,2,182
332,-0.05396965,-0.032354926,0,-0.45750182,1,0,-0.060228953,75,3,105
333,0.143293725,-0.569035602,0,-0.300768261,0,1,0.183409472,172,2,137
334,-0.143208759,-0.569035602,0,-0.145322041,0,1,0.399701737,170,3,45
335,0.034092026,-0.569035602,0,-0.385732654,0,0,-0.786685615,42,1,189
336,-0.005908339,-0.221771635,0,-0.357733025,1,0,-0.234957039,106,2,174
337,-0.579652727,-0.540844082,0,-0.336491926,0,0,-0.779006893,256,3,184
338,-0.299536615,2.745756806,0,-0.153367912,0,0,-0.217122587,170,2,27
339,-0.106399168,-0.190202184,0,0.824044446,0,0,0.535144489,243,2,168
340,-0.350154972,-0.063924378,0,-0.388629168,1,0,-0.074100193,110,2,106
341,0.143293725,-0.569035602,0,-0.222562399,1,1,-0.706975524,59,2,91
342,-0.109946172,-0.569035602,0,4.364227499,1,0,2.127810557,233,3,91
343,-0.535821129,-0.569035602,0,-0.244447167,1,0,-0.089457638,115,2,104
344,-0.086921047,-0.569035602,1,-0.210010841,1,1,-0.055225399,162,3,120
345,-0.207695564,-0.569035602,0,-0.165597635,0,1,0.372107877,219,2,166
346,-0.357658829,0.788450813,0,-0.429824025,0,1,-0.09708682,123,2,44
347,0.108840538,-0.569035602,0,-0.418881641,1,0,-0.2562593,126,2,79
348,-0.07598507,-0.569035602,0,-0.165597635,0,0,-0.019606036,258,1,60
349,0.226953414,-0.569035602,0,-0.401180726,1,0,-0.186308618,47,2,35
350,-0.238947635,0.378047943,0,-0.391847516,1,1,-0.049726443,26,3,183
351,0.030237557,-0.548578597,0,-0.289182207,0,1,-0.181651845,16,2,8
352,0.104822482,-0.547473666,0,-0.258286064,0,0,-0.600166975,8,2,17
353,-0.694401605,-0.53746615,0,-0.280492667,1,1,-0.658772965,26,2,126
354,0.143293725,-0.569035602,0,-0.153367912,1,0,0.790177147,71,2,91
355,-0.100049541,0.756881361,0,-0.197459283,0,1,-0.526500782,142,2,186
356,-0.248804275,-0.569035602,0,-0.233182948,0,1,-0.191609413,66,2,74
357,-0.1757872,-0.569035602,0,-0.42145632,1,0,-0.289451196,110,3,134
358,-0.217759194,-0.569035602,0,-0.314928993,1,1,-0.619636252,162,3,45
359,-0.120015908,-0.569035602,0,-0.145000207,0,0,-0.261807796,175,2,8
360,0.031543922,-0.560638128,0,-0.278561658,0,0,-0.713762524,50,1,54
361,0.031543922,-0.569035602,0,-0.223527903,1,0,-0.663082957,59,1,128
362,0.031543922,-0.541065068,0,-0.314607158,1,1,-0.144397657,162,2,23
363,-0.350154972,-0.569035602,0,-0.179436533,1,0,-0.516295513,213,2,91
364,-0.004628843,-0.569035602,0,-0.385410819,1,0,-0.793621235,242,2,91
365,-0.052476417,-0.253341087,0,-0.395065864,0,1,-0.143902255,61,2,159
366,-0.375918598,-0.063924378,0,-0.229642765,0,0,-0.618150047,189,1,99
367,0.147396161,-0.569035602,0,-0.141460024,0,1,-0.158962459,88,2,64
368,-0.066160824,-0.569035602,0,-0.299480922,0,0,-0.308970013,128,3,140
369,-0.186062165,-0.569035602,0,-0.283389181,1,0,-0.598730311,35,2,91
370,-0.350154972,-0.569035602,0,-0.22932093,0,1,-0.716982633,54,2,80
371,-0.1757872,-0.505896699,0,-0.141460024,0,0,-0.617654646,12,1,54
372,0.067142517,-0.411188344,1,-0.19263176,1,1,-0.570393349,61,3,144
373,-0.394710274,0.851589716,0,-0.144034702,0,1,0.69788386,41,3,183
374,-0.33816056,0.220200686,0,-0.313963489,0,1,-0.678390862,147,2,27
375,-0.086921047,0.251770137,0,-0.179114698,1,0,-0.077122142,191,2,45
376,-0.4175309,0.31490904,0,-0.148218555,1,1,1.438211762,110,2,106
377,-0.422115813,0.504325749,1,-0.283389181,1,0,0.494372951,188,2,9
378,-0.30899196,-0.158632732,0,-0.457823655,1,0,-0.798377089,212,2,41
379,-0.422115813,0.599034104,0,-0.327158716,1,1,-0.620082113,125,2,158
380,-0.33816056,-0.569035602,0,-0.38476715,1,0,0.040387078,220,2,121
381,-0.052476417,-0.544032596,0,-0.339710275,0,1,-0.232925893,49,2,184
382,-0.052476417,-0.552272223,0,-0.415019623,0,1,-0.798525709,175,2,162
383,-0.366729218,0.188631234,0,-0.359020364,1,1,-0.586246195,223,3,150
384,-0.269556912,0.472756298,0,-0.442053748,1,0,-0.841328393,23,2,2
385,-0.291714287,-0.537560859,1,-0.332308074,1,0,-0.088120054,3,3,157
386,-0.052476417,-0.550599042,0,-0.337779266,0,1,-0.739721559,236,2,192
387,-0.052476417,-0.556691946,0,-0.367388069,0,1,-0.78514987,133,3,59
388,-0.448957674,-0.221771635,0,-0.366422565,0,1,0.516913716,241,3,82
389,-0.120657217,-0.569035602,0,-0.27598698,0,1,-0.23896979,77,1,62
390,-0.422115813,-0.190202184,0,-0.404720909,0,1,-0.801299957,221,2,185
391,-0.100323991,-0.569035602,1,-0.30334294,1,1,-0.254574936,122,2,94
392,-0.349510519,0.346478492,0,2.755053384,1,1,1.726584936,111,2,85
393,-0.066160824,-0.569035602,0,-0.276630649,1,0,0.751833076,202,3,85
394,-0.485477212,0.378047943,0,0.502209623,0,0,0.610098726,164,3,188
395,-0.248804275,-0.569035602,0,-0.419847146,1,1,0.600884259,4,3,125
396,-0.386163679,2.524770646,0,-0.170103323,0,1,-0.466359048,29,3,84
397,-0.49668871,0.441186846,0,-0.313963489,0,1,-0.52580722,225,2,142
398,0.018598044,-0.569035602,0,-0.169781488,0,0,-0.587385618,60,2,5
399,-0.133784489,-0.442757796,0,-0.349365319,1,0,-0.272508467,126,3,91
400,-0.463901524,1.672395455,1,-0.252493038,1,0,0.387514862,110,2,106
401,-0.354399792,-0.569035602,0,-0.42950219,0,0,-0.318580801,175,3,107
402,-0.410288356,0.220200686,0,-0.305595783,1,0,0.263714044,143,3,33
403,-0.515331934,0.535895201,1,-0.313641654,1,0,-0.731052034,213,2,9
404,-0.515331934,0.535895201,1,-0.313641654,1,0,-0.731052034,213,2,9
405,-0.106097638,-0.569035602,0,-0.32941156,0,1,0.003776912,106,2,119
406,-0.23079332,-0.569035602,0,-0.277596154,0,0,-0.061566537,185,1,124
407,-0.340170099,-0.569035602,0,-0.262148082,1,0,-0.162182568,224,2,41
408,-0.204079651,-0.569035602,0,-0.333595413,1,0,-0.240010133,7,2,157
409,-0.463901524,1.293562037,0,-0.407295587,0,0,-0.808483278,143,3,67
410,-0.515331934,-0.063924378,0,-0.164310296,1,0,-0.639006448,167,1,78
411,-0.812327077,0.157061783,0,-0.294975234,1,0,-0.284943043,258,3,145
412,-0.463901524,-0.000785475,0,-0.295940739,0,1,0.600091617,219,2,33
413,-0.235406095,-0.569035602,0,-0.155298921,0,1,0.102510417,88,3,158
414,-0.776781857,-0.569035602,0,-0.204217814,0,1,0.54237735,223,3,150
415,-0.106097638,-0.540875651,0,-0.404077239,1,1,-0.82641681,230,3,45
416,-0.266088214,-0.569035602,0,-0.289825877,0,1,0.720176924,97,1,99
417,-0.219942926,-0.569035602,0,-0.308492297,0,1,-0.741604084,181,2,75
418,-0.31815468,-0.569035602,0,-0.23060827,0,0,-0.562813707,238,2,174
419,-0.417757101,-0.569035602,0,-0.255711386,0,0,-0.546762701,181,2,75
420,-0.701241672,-0.569035602,0,-0.184264055,0,1,-0.156485452,52,3,75
421,-0.923711668,3.02988187,0,-0.141460024,1,0,1.596046658,209,3,66
422,-0.411822633,-0.569035602,0,-0.151115068,0,0,-0.221085799,231,2,177
423,-0.477058654,-0.569035602,0,-0.322009359,0,0,-0.749877288,184,1,34
424,-0.296139261,-0.158632732,0,-0.319434681,1,1,0.726518063,142,3,186
425,0.108840538,-0.569035602,0,-0.235435792,0,0,0.358831119,125,2,160
426,-0.589904831,4.040104318,0,-0.262148082,1,0,-0.661200432,114,3,180
427,-0.291714287,-0.569035602,0,-0.439800905,0,1,-0.220243616,175,2,104
428,-0.321238255,-0.541065068,0,-0.295297069,0,0,-0.675963395,239,1,54
429,-0.56602286,0.125492331,0,-0.315572663,0,1,0.121533833,175,3,40
430,-0.261570315,-0.569035602,0,-0.332951743,0,1,-0.669969037,133,1,99
431,-0.321238255,-0.569035602,0,-0.436904391,0,1,0.861465413,257,2,104
432,-0.291714287,-0.569035602,0,-0.377043114,0,0,-0.746013157,149,2,104
433,-0.48605806,-0.569035602,0,-0.231251939,0,0,-0.471758924,78,2,0
434,-0.613295595,0.188631234,0,-0.386054489,0,1,-0.751908434,98,2,103
435,-0.511584752,0.251770137,0,-0.223527903,1,0,0.135999554,209,2,46
436,-0.23079332,-0.569035602,0,-0.261504413,1,0,-0.051955749,47,2,45
437,-0.55210331,0.441186846,0,-0.348399815,0,1,0.358335718,84,2,33
438,-0.235406095,-0.569035602,0,-0.244447167,1,0,-0.203796289,65,3,91
439,-0.291714287,-0.569035602,0,-0.32941156,0,1,-0.152769941,124,2,99
440,-0.56107383,0.630603555,0,-0.141460024,0,1,-0.064885727,29,2,96
441,-0.536586409,0.756881361,0,-0.406973753,1,1,-0.201170661,240,2,37
442,-0.48605806,-0.253341087,0,-0.444950262,1,0,-0.844548502,179,1,28
443,-0.713424547,-0.379618893,0,-0.221596895,1,0,-0.200179858,242,3,91
444,-0.120657217,-0.127063281,0,-0.318147341,1,1,0.136693116,176,3,82
445,-0.350154972,-0.569035602,0,-0.216447537,0,0,-0.68126419,16,2,177
446,-0.212456319,-0.569035602,0,-0.411801275,0,1,-0.821512336,97,2,126
447,-0.56107383,-0.190202184,0,-0.27469964,0,0,-0.203003646,252,1,107
448,-0.321238255,-0.569035602,0,-0.232861113,0,1,-0.696423474,115,2,104
449,-0.291714287,-0.543874749,0,-0.428858521,0,1,-0.776628966,232,2,33
450,-0.608548055,-0.032354926,0,-0.370606418,1,1,-0.806699833,99,2,149
451,-0.631555364,0.188631234,0,4.042392676,1,0,2.878195107,144,2,49
452,-0.411822633,-0.569035602,0,-0.368353574,1,1,-0.79535514,185,3,129
453,-0.608548055,-0.221771635,0,-0.25667689,0,0,-0.720499983,118,1,46
454,-0.291714287,-0.569035602,0,3.076888207,0,1,1.750215584,1,2,62
455,-0.585057592,0.693742458,0,-0.3667444,1,1,0.844324523,65,3,172
456,-0.48605806,-0.569035602,0,-0.307204957,0,0,-0.269337898,3,2,177
457,-0.48605806,0.157061783,0,-0.397640543,1,0,0.33505185,249,2,115
458,-0.48605806,-0.569035602,0,-0.174930845,0,0,-0.350336033,205,2,91
459,-0.291714287,-0.569035602,0,-0.171712497,0,1,0.67024046,115,2,94
460,-0.291714287,-0.542327846,0,-0.387341828,0,0,0.257323365,73,3,51
461,-0.459995308,-0.569035602,0,-0.141460024,0,0,1.046002447,64,3,62
462,-0.23079332,-0.569035602,0,2.433218561,1,0,0.846107969,163,2,157
463,-0.23079332,-0.095493829,0,-0.158517269,1,0,0.951281693,128,3,140
464,-0.536586409,0.062353428,0,-0.438513565,0,1,-0.806402592,66,2,14
465,-0.291714287,-0.569035602,0,-0.380905132,1,0,-0.772120813,61,2,99
466,-0.261570315,-0.569035602,0,-0.300124591,1,1,-0.727386063,228,3,94
467,-0.106097638,-0.550441195,0,-0.441410079,0,0,-0.814081314,145,2,57
468,-0.608548055,-0.032354926,0,-0.212907354,1,0,0.235426622,29,2,168
469,-0.585057592,0.820020264,0,-0.141460024,0,1,-0.368963126,90,2,21
470,-0.459995308,-0.544064166,0,-0.400215221,0,0,-0.784208608,38,1,99
471,-0.907031275,-0.569035602,1,-0.264722761,1,0,-0.23520474,189,3,89
472,0.07107793,-0.569035602,1,-0.385410819,1,1,-0.275530416,185,3,184
473,-0.689857858,3.124590224,0,-0.347112476,0,1,0.026961699,138,3,112
474,-0.668074902,0.535895201,0,-0.288538538,0,0,-0.604278807,111,1,45
475,-0.423432414,-0.569035602,0,-0.298515417,1,0,-0.734123523,50,2,166
476,-0.23079332,-0.553250876,0,-0.202930475,0,0,-0.564547612,109,1,54
477,-0.502233514,-0.554134821,0,-0.427893016,1,0,-0.847421831,172,2,160
478,-0.527427508,-0.569035602,0,-0.22932093,1,0,-0.720549524,84,2,177
479,-0.623127056,0.125492331,0,-0.19327543,0,0,-0.624887507,130,2,33
480,-0.599942753,-0.569035602,1,-0.296262573,1,1,-0.657831702,119,2,175
481,-0.366729218,-0.190202184,0,-0.263113587,0,0,-0.059981253,25,3,168
482,-0.396054523,-0.544348291,0,-0.316860002,1,1,-0.390414009,47,2,116
483,-0.596114164,-0.000785475,0,-0.141460024,0,1,-0.077964325,25,2,55
484,-0.441954074,-0.569035602,0,-0.351296328,0,1,-0.175806108,94,2,77
485,-0.433385238,-0.569035602,0,-0.257642395,0,0,-0.735560187,184,1,34
486,-0.355489002,-0.569035602,0,-0.235435792,0,0,0.326530946,182,2,160
487,-0.153699499,-0.569035602,0,-0.244125332,0,0,-0.211475011,8,2,74
488,-0.438396859,-0.569035602,0,-0.228677261,0,0,-0.593578136,145,3,33
489,-0.680231252,1.482978746,0,-0.40343357,1,0,-0.070037902,14,2,84
490,-0.612881148,-0.569035602,0,1.789548915,0,0,1.096186612,61,2,33
491,-0.701764175,1.198853683,0,-0.243481662,0,1,0.986356114,162,3,82
492,-0.411333221,-0.569035602,0,-0.235435792,1,0,-0.520704585,134,2,5
493,-0.516293452,0.441186846,0,-0.409226596,1,0,-0.329875953,188,2,11
494,-1.024189879,-0.158632732,0,-0.25732056,0,1,-0.679282584,209,3,156
495,-1.038648238,-0.569035602,0,-0.351296328,0,1,-0.779551834,209,3,164
496,-0.355489002,-0.569035602,0,-0.432720538,0,1,-0.83008278,45,2,159
497,-0.635799334,-0.127063281,0,-0.30334294,0,0,-0.736897771,84,1,166
498,-0.40559814,-0.095493829,0,-0.290469547,0,0,-0.753345098,16,3,33
499,-0.438396859,-0.569035602,0,-0.39410036,1,1,-0.765234733,29,3,27
500,-0.565590824,-0.127063281,0,-0.289825877,1,0,-0.240505535,249,3,38
501,-0.333521442,-0.569035602,0,-0.350008989,0,1,-0.372034615,241,2,77
502,-0.414965138,-0.538949914,1,-0.441731913,1,0,-0.793819396,136,2,159
503,-0.589481681,-0.549778236,0,-0.300446426,1,0,-0.691221759,122,1,129
504,-0.794980296,-0.253341087,0,-0.296584408,0,0,-0.574951042,66,1,33
505,-0.612881148,0.030783977,0,-0.245734506,1,0,-0.662835257,23,2,33
506,-0.411333221,-0.554892487,0,-0.291435051,0,0,-0.09371809,61,3,104
507,-0.435257008,-0.569035602,0,-0.191344421,0,1,-0.115119432,88,3,126
508,-0.565590824,0.251770137,0,-0.194562769,1,0,-0.147023284,190,2,16
509,-0.445910157,-0.569035602,0,0.180374799,1,0,-0.247441155,128,2,140
510,-0.538308871,-0.569035602,0,-0.386054489,0,0,-0.834640474,31,2,177
511,-0.46182858,-0.505896699,0,-0.449455949,0,0,-0.862432494,205,3,104
512,-0.444766714,-0.253341087,0,-0.253136707,1,0,-0.747747062,68,2,41
513,-0.43255362,-0.55763903,0,-0.365778895,0,0,-0.213258456,168,2,129
514,-0.759373747,0.820020264,0,0.502209623,1,0,2.282524424,156,3,112
515,0.254246217,-0.569035602,0,-0.363526051,1,1,0.335547252,249,3,38
516,-0.692905301,0.09392288,0,-0.153367912,1,1,0.238894432,131,3,27
517,-0.584323469,-0.569035602,0,-0.141460024,0,1,0.222496645,169,3,47
518,-0.483104582,-0.095493829,0,0.502209623,1,0,1.508905546,110,2,106
519,-0.949763055,0.662173007,0,-0.36545706,1,0,-0.73991972,96,3,9
520,-0.582339709,-0.569035602,0,-0.163666626,1,0,-0.464674683,78,2,107
521,-0.628948134,-0.253341087,0,-0.193597265,0,0,0.411541831,99,2,25
522,-0.673658986,-0.284910538,0,3.076888207,0,0,1.387185414,31,2,99
523,-0.603254357,-0.569035602,0,-0.341319449,0,0,-0.762807266,143,2,141
524,-0.695327088,-0.158632732,0,-0.259251569,0,0,0.512752344,78,3,99
525,-0.508692021,-0.542327846,0,-0.352905502,0,1,-0.756614748,231,2,192
526,-0.455245548,-0.569035602,0,-0.437869896,0,0,-0.79183779,152,3,118
527,-0.692905301,-0.158632732,0,3.39872303,1,0,2.295949803,111,2,9
528,-0.731043741,0.567464652,0,-0.272446797,0,0,-0.152968102,128,2,179
529,-0.755418442,1.76710381,0,-0.141460024,0,0,0.202036565,164,3,188
530,-0.775404911,0.72531191,0,1.789548915,0,0,0.519242103,175,2,12
531,-0.530952156,-0.569035602,0,-0.196815613,0,0,0.45236291,184,2,174
532,-0.735012258,0.599034104,0,-0.329089725,0,1,-0.708758969,142,2,136
533,-0.430306411,-0.569035602,0,-0.251527533,1,0,-0.381050921,72,3,179
534,-0.794980296,0.188631234,0,-0.27534331,0,1,0.085864929,16,3,130
535,-0.248804275,-0.569035602,0,-0.141460024,0,0,0.585080954,204,2,131
536,-0.832931464,-0.253341087,0,-0.280170832,0,1,-0.154850627,16,2,122
537,-0.736447643,-0.569035602,0,-0.374146601,1,0,0.071993689,161,3,175
538,-0.692905301,-0.569035602,0,-0.35741119,1,1,-0.211722712,229,2,126
539,-0.626370547,-0.505896699,0,3.076888207,0,0,1.004289646,39,2,166
540,-0.735012258,0.820020264,0,1.789548915,1,0,1.968291295,8,2,33
541,-0.92389936,-0.543937888,0,-0.444628427,0,0,-0.21127685,60,1,33
542,-0.350154972,-0.569035602,0,-0.250883863,0,0,-0.543245351,66,1,99
543,-0.735012258,0.283339589,0,3.076888207,1,0,1.753683394,257,2,139
544,-0.513343386,0.94629807,0,-0.32072202,1,1,0.233940418,1,3,46
545,-0.555555463,-0.538886776,0,-0.445593931,0,1,-0.855397794,1,2,159
546,-0.50583218,-0.538413234,0,-0.309779636,1,0,-0.711087356,6,3,128
547,-0.530952156,-0.569035602,0,-0.343572292,1,0,-0.748638785,180,3,92
548,-0.536586409,0.283339589,0,-0.416950632,0,1,-0.103378418,97,2,184
549,-0.603254357,-0.569035602,0,-0.33005523,1,0,-0.146032482,205,3,9
550,-0.832931464,0.820020264,0,-0.244125332,1,1,-0.699247262,65,3,121
551,-0.480184684,-0.569035602,0,-0.275021475,0,0,0.313551428,242,2,99
552,-0.755418442,0.662173007,0,-0.141460024,0,0,-0.460562851,50,3,123
553,-0.794980296,-0.095493829,0,-0.41212311,1,1,-0.808879599,27,2,27
554,-0.794980296,0.914728619,0,0.502209623,1,0,0.618669171,110,3,179
555,-0.555555463,-0.53746615,0,-0.359342199,1,0,0.101271914,243,2,77
556,-0.480184684,-0.569035602,0,-0.450743289,1,0,0.582901187,48,3,15
557,-0.899752541,-0.569035602,0,-0.440122739,0,1,-0.841873335,134,3,86
558,-0.714177544,-0.569035602,0,-0.141460024,0,0,0.11722384,95,1,34
559,-0.714177544,-0.063924378,0,-0.319434681,1,0,-0.165997159,249,2,38
560,-0.530952156,-0.569035602,0,-0.334239083,0,0,0.837785225,146,3,39
561,-0.965752229,0.788450813,0,-0.398606047,1,1,-0.812198789,211,2,20
562,-0.530952156,-0.546779138,0,-0.276308814,1,1,0.046579596,249,3,119
563,-0.692905301,-0.569035602,0,-0.368675409,1,1,-0.497420718,85,3,161
564,-0.579652727,-0.569035602,0,-0.257642395,1,1,-0.095996937,204,3,130
565,-0.832931464,-0.253341087,0,-0.365778895,1,1,-0.243180703,19,3,143
566,-0.555555463,-0.569035602,0,-0.380905132,1,0,0.740240682,168,3,7
567,-0.814153054,-0.095493829,0,-0.252493038,1,1,-0.03481486,154,3,112
568,-0.736996517,-0.000785475,0,3.076888207,0,0,1.362712583,246,3,172
569,-0.635799334,-0.569035602,0,-0.240585149,1,0,-0.479388106,29,2,99
570,-1.281437361,-0.284910538,0,-0.332951743,1,0,-0.371737374,70,2,104
571,-0.585057592,-0.127063281,0,-0.272768631,1,0,-0.699247262,191,2,176
572,-0.480184684,-0.560985392,0,-0.273090466,0,0,-0.680719248,163,3,31
573,-0.832412823,1.546117649,0,-0.301733765,1,1,0.265348869,251,3,79
574,-0.57879973,-0.569035602,0,-0.387019994,1,0,0.022106765,41,3,85
575,-0.554684553,-0.569035602,0,-0.141460024,1,0,0.788690943,123,2,62
576,-0.530062957,-0.569035602,0,-0.307526792,0,0,-0.609579603,21,2,54
577,-0.54119826,-0.569035602,0,-0.270193953,1,1,0.785371753,188,3,126
578,-0.554684553,-0.541222915,0,-0.419847146,0,0,-0.42202062,188,2,91
579,-0.626647304,-0.569035602,0,-0.360629538,1,0,-0.100901411,257,3,52
580,-0.774955381,-0.569035602,0,-0.346146971,1,1,-0.15237362,170,2,126
581,-0.602418905,-0.569035602,0,-0.221918729,0,0,-0.696819795,152,2,90
582,-0.604880366,-0.569035602,0,-0.394744029,0,1,-0.798624789,149,2,62
583,-0.776781857,-0.569035602,0,-0.363204217,0,1,0.011406094,37,1,13
584,-0.756824304,0.125492331,0,-0.218700381,1,0,-0.140038124,125,2,124
585,-0.851543838,2.145937228,0,-0.141460024,1,0,0.972286714,213,3,113
586,-0.834225183,0.251770137,0,-0.436260722,0,0,-0.810415344,66,1,33
587,-1.052809216,-0.569035602,0,-0.228355426,1,0,0.129014394,227,2,184
588,-0.650571091,-0.569035602,0,-0.441731913,1,0,-0.839049546,220,3,47
589,-0.604880366,-0.569035602,0,-0.283067346,1,0,-0.72272929,6,2,181
590,-0.872224977,-0.569035602,0,-0.418237971,0,0,1.186052432,181,3,182
591,-0.872224977,-0.569035602,0,-0.418237971,0,0,1.186052432,181,3,182
592,-0.715643072,-0.545579499,0,0.502209623,0,0,0.478371485,145,1,128
593,-0.603254357,-0.253341087,0,-0.253780377,0,0,-0.179422538,105,1,95
594,-0.981412538,-0.190202184,0,-0.227068087,0,0,1.587674374,133,2,168
595,-0.736447643,-0.569035602,0,-0.3020556,0,0,-0.690478657,91,2,74
596,-0.852590748,0.31490904,0,-0.333273578,1,0,-0.780096776,45,3,3
597,-1.153397115,-0.505896699,0,-0.409548431,0,1,-0.822007737,89,2,102
598,-0.626370547,-0.550314917,0,2.111383738,0,0,0.798945752,137,1,99
599,-0.987972889,-0.569035602,0,2.755053384,1,0,1.793365049,213,3,179
600,-0.796328921,-0.540117984,0,-0.285320189,0,0,-0.707025064,66,1,99
601,-0.627963112,-0.569035602,0,-0.457179985,1,0,-0.837315641,32,3,114
602,-0.715643072,-0.569035602,0,0.180374799,0,0,0.329751055,120,2,76
603,-0.305610729,-0.548452319,0,-0.199390292,1,0,-0.133201584,15,2,117
604,-0.776781857,-0.569035602,1,-0.197459283,1,1,0.460091172,161,3,175
605,-0.882377373,-0.569035602,0,-0.443662922,0,1,-0.273895591,62,3,27
606,-0.770190026,-0.540875651,0,-0.184907725,0,0,-0.187150801,95,2,91
607,-0.834225183,-0.032354926,0,-0.429824025,0,1,-0.84385494,46,1,86
608,-0.862307979,2.240645582,0,-0.254102212,1,0,-0.721391706,212,3,9
609,-0.916770336,-0.569035602,0,-0.209367171,0,1,0.191187274,173,2,74
610,-0.654758639,-0.569035602,0,-0.249596524,1,0,0.305625005,63,2,162
611,-0.698418665,-0.569035602,0,-0.458145489,0,0,-0.870061676,12,3,62
612,-0.835733219,-0.569035602,0,-0.419847146,1,0,-0.823791182,76,2,166
613,-0.933438107,-0.063924378,0,-0.350652659,0,1,0.502299374,80,3,128
614,-0.910894132,0.662173007,0,-0.19327543,0,1,0.112616607,16,3,130
615,-0.763250931,-0.569035602,0,-0.254102212,0,0,0.338816901,224,2,177
616,-0.908648034,0.188631234,0,-0.222240564,0,1,-0.637569784,204,3,134
617,-0.722342452,-0.540844082,0,-0.300768261,1,0,-0.105211403,243,2,77
618,-0.961580321,-0.569035602,0,-0.336170092,1,0,-0.794810198,86,2,191
619,-0.893752937,0.062353428,0,-0.169459653,0,0,-0.115218512,150,2,6
620,-0.701241672,-0.545421652,0,-0.20325231,1,1,0.787204738,113,3,19
621,-0.603254357,-0.253341087,0,-0.458145489,1,1,-0.278354204,6,3,20
622,-0.949763055,0.030783977,0,-0.30334294,0,1,-0.713068962,108,2,58
623,-0.139439383,-0.569035602,0,-0.142747363,0,1,0.052821654,200,2,31
624,-0.910894132,-0.221771635,0,-0.445915766,0,1,-0.858667443,176,2,84
625,-0.913595522,-0.221771635,0,-0.368031739,0,0,-0.773309776,143,1,177
626,-0.965752229,1.419839843,0,4.042392676,1,0,3.235825402,144,3,45
627,-0.899752541,-0.253341087,0,-0.23060827,1,0,0.047619939,174,2,1
628,-0.996750744,2.619479,0,-0.232861113,1,0,-0.649459418,224,3,45
629,-0.836736113,-0.547536805,0,0.180374799,0,1,0.259602212,210,1,164
630,-0.789872671,-0.569035602,0,-0.271159457,0,0,-0.52912641,130,1,33
631,-0.965752229,1.261992586,1,-0.422421824,1,1,-0.814130854,248,3,68
632,-1.011773472,0.693742458,0,-0.355158346,0,0,-0.744031552,66,3,110
633,-0.916770336,1.76710381,0,-0.437226226,1,0,-0.353704762,114,2,180
634,-0.736447643,-0.53746615,0,-0.203574144,0,0,-0.586543436,245,2,90
635,-0.729576048,-0.569035602,0,-0.440444574,0,0,-0.846876889,181,3,126
636,-0.996750744,-0.127063281,0,-0.23060827,0,0,-0.254574936,247,3,33
637,-0.899752541,-0.158632732,0,-0.166241305,1,0,-0.216676726,233,2,9
638,-0.965752229,0.31490904,0,-0.174287176,1,0,-0.038827611,66,2,128
639,-1.074628658,1.167284231,0,-0.19327543,0,0,-0.075090996,159,2,65
640,-0.846524739,-0.221771635,0,-0.383157976,1,0,0.327224508,66,1,128
641,-1.088049588,1.13571478,0,-0.20325231,1,0,0.907339586,233,2,177
642,-1.011773472,-0.569035602,0,-0.252493038,0,1,-0.620082113,170,2,34
643,-0.809150483,-0.569035602,0,-0.222562399,1,0,-0.625234288,178,2,41
644,-0.828031787,-0.158632732,0,-0.406973753,0,0,-0.682205453,210,3,99
645,-0.882377373,-0.569035602,0,-0.179436533,1,1,-0.540966504,6,2,21
646,-0.750094045,-0.569035602,0,-0.335204587,1,0,-0.735807888,219,2,190
647,-0.846524739,-0.548105055,0,-0.259573404,0,0,0.081208156,152,2,75
648,-0.896651163,-0.505896699,0,2.111383738,0,0,1.299053499,49,3,5
649,-0.981412538,-0.063924378,0,-0.424996503,0,0,-0.759834857,206,2,1
650,-0.899752541,-0.569035602,0,-0.222562399,0,0,14.16958273,94,3,27
651,-0.996750744,1.167284231,0,-0.327158716,1,0,-0.037192787,110,2,179
652,-0.750094045,-0.569035602,1,-0.3381011,1,1,-0.75057085,26,2,59
653,-0.579652727,-0.569035602,0,-0.328767891,1,0,-0.761420142,129,2,98
654,-0.933438107,0.220200686,0,-0.25796423,1,0,-0.185862757,147,3,37
655,-0.846524739,0.977867522,0,5.651566792,1,0,2.293274635,257,2,52
656,-0.944126089,-0.190202184,0,-0.313641654,0,0,0.637890746,133,3,34
657,-0.965752229,-0.569035602,0,-0.434007878,0,0,-0.710096553,157,1,1
658,-0.846524739,-0.127063281,0,-0.457179985,1,1,-0.834590933,61,3,89
659,-0.916770336,-0.032354926,0,-0.295940739,0,1,-0.666402147,98,3,99
660,-0.809150483,-0.569035602,0,-0.3020556,1,0,1.169060163,86,2,154
661,-0.846524739,-0.569035602,0,-0.395387699,1,0,0.049452924,3,1,157
662,-0.760598558,-0.569035602,0,-0.373181096,1,0,-0.813486832,45,2,62
663,-0.882377373,-0.474327247,0,-0.244125332,0,0,-0.663677439,250,2,168
664,-0.789872671,-0.569035602,0,-0.32941156,0,0,0.229035943,161,3,102
665,-0.729576048,-0.569035602,0,-0.27469964,1,0,0.457911406,30,2,71
666,-0.933438107,0.756881361,0,-0.444950262,0,0,-0.857280319,143,3,47
667,-0.949763055,-0.569035602,0,-0.43819173,1,0,-0.823593022,174,2,33
668,-0.933438107,0.251770137,0,-0.242194323,0,0,-0.654363892,181,3,126
669,-0.981412538,-0.569035602,0,-0.394422195,0,0,-0.802885242,247,3,134
670,-0.933438107,0.062353428,0,-0.303986609,0,0,-0.724314574,27,3,27
671,-0.729576048,-0.063924378,0,-0.22063139,1,0,0.308399253,174,2,179
672,-1.052809216,-0.569035602,0,-0.391525681,1,0,-0.786091133,159,2,41
673,-0.981412538,0.188631234,0,0.502209623,0,0,0.556446751,164,3,97
674,-0.916770336,-0.569035602,0,-0.444628427,1,0,-0.845836546,5,2,47
675,-0.828031787,-0.569035602,0,-0.32136569,1,0,-0.679976146,63,3,72
676,-0.729576048,-0.55419796,0,-0.383157976,0,1,-0.690676817,192,3,148
677,-0.729576048,-0.556597238,0,-0.368675409,1,0,-0.650450221,185,3,35
678,-0.291714287,-0.55590271,0,-0.265044596,1,0,0.826440532,134,3,101
679,-0.809150483,-0.569035602,0,-0.141460024,0,1,-0.626968193,183,2,184
680,-0.846524739,-0.569035602,0,-0.197459283,1,0,-0.517781717,140,2,61
681,-0.729576048,-0.549967653,0,-0.350330824,1,1,-0.160101882,162,3,186
682,-0.899752541,-0.095493829,0,-0.282101841,0,0,0.350508375,252,1,9
683,-0.770190026,-0.54267511,0,-0.363204217,0,0,-0.254079534,234,2,54
684,-1.038648238,-0.542233137,0,-0.218056711,0,0,-0.679728445,95,1,75
685,-0.949763055,-0.569035602,0,-0.408261092,1,0,-0.792283651,120,1,36
686,-0.899752541,-0.569035602,0,-0.194562769,0,1,0.139120583,107,2,170
687,-0.789872671,-0.569035602,0,-0.302377435,0,0,-0.723224691,7,2,54
688,-0.750094045,-0.540875651,0,-0.379939627,1,0,-0.744626033,205,2,128
689,-0.996750744,-0.569035602,0,-0.435295217,1,1,-0.793076293,83,3,126
690,-1.295889415,-0.569035602,0,-0.301733765,1,0,-0.763253127,215,2,73
691,-0.920437265,-0.158632732,0,-0.431111364,1,0,-0.848462174,84,2,139
692,-0.969197516,0.220200686,0,-0.210010841,0,0,-0.640096331,186,1,45
693,-0.828031787,-0.127063281,0,-0.373502931,0,1,-0.735262946,106,2,54
694,-0.965752229,-0.190202184,0,-0.210654511,1,0,0.907290046,61,2,184
695,-0.818037599,-0.569035602,0,-0.283389181,0,0,-0.666005826,8,2,74
696,-0.941121989,-0.284910538,0,-0.156264425,0,0,0.23488168,219,3,1
697,-0.818037599,-0.553945404,0,-0.141460024,0,1,0.029537786,210,1,99
698,-0.973123277,0.472756298,0,-0.141460024,1,0,0.909915673,212,2,91
699,-0.818037599,-0.569035602,0,-0.209367171,1,0,-0.689834635,215,2,47
700,-0.872224977,-0.537813414,0,-0.240585149,0,0,-0.732340078,61,2,99
701,-1.179348433,-0.31647999,0,-0.341963118,0,1,-0.700634386,61,1,168
702,-0.798946417,-0.54728425,0,-0.373181096,1,0,-0.805263169,194,3,126
703,-0.798946417,-0.563731934,0,-0.313319819,1,0,-0.739622479,50,1,75
704,-0.334848875,-0.569035602,0,-0.428536686,1,0,-0.813932694,253,3,184
705,-1.520294263,-0.190202184,0,-0.226424417,1,0,-0.714257925,8,3,127
706,-1.003821693,0.662173007,0,-0.172356167,0,1,-0.00712192,51,3,77
707,-0.798946417,-0.554071682,0,-0.325871377,1,1,-0.771575871,50,2,184
708,-0.565590824,-0.569035602,0,-0.379617793,0,0,-0.109025994,258,1,13
709,-0.882377373,-0.569035602,0,-0.291435051,1,0,-0.620874755,139,1,128
710,-1.047541874,-0.127063281,0,-0.230286435,1,1,0.112913848,76,2,84
711,-1.088049588,1.640826004,0,-0.292400556,1,0,-0.12824757,155,2,122
712,-0.977548173,0.346478492,0,-0.396996873,1,0,-0.168375086,205,3,48
713,-0.949763055,-0.127063281,0,-0.253780377,1,0,-0.212961215,258,2,24
714,-0.945734683,-0.569035602,0,-0.244125332,1,0,0.911451418,75,3,31
715,-0.945734683,-0.569035602,0,-0.452030628,0,0,0.02393975,241,1,149
716,-0.977548173,-0.569035602,0,-0.278561658,0,1,-0.159111079,55,3,81
717,-1.047541874,-0.095493829,0,-0.273090466,1,0,-0.634745995,34,3,70
718,-0.992965862,-0.569035602,0,-0.260217073,1,0,-0.172685079,134,1,128
719,-0.945734683,0.030783977,0,2.755053384,1,0,1.306137739,74,2,31
720,-0.865885173,-0.569035602,0,-0.256033221,1,0,0.16225583,215,2,1
721,-1.022856425,0.535895201,0,-0.253780377,0,0,-0.706925984,16,3,122
722,-0.997807453,-0.190202184,0,-0.360951373,0,0,-0.813585913,106,3,33
723,-1.055985434,-0.569035602,0,-0.260217073,1,0,-0.187794822,50,1,157
724,-0.879210866,-0.542138429,0,-0.310423306,1,1,-0.339684902,2,3,5
725,-0.883599554,-0.569035602,0,-0.27598698,1,1,-0.053689654,106,3,17
726,-1.05153005,-0.221771635,0,3.720557853,1,0,1.304998316,79,2,108
727,-0.992965862,0.157061783,0,0.180374799,1,0,0.109446038,17,2,6
728,-0.829332593,-0.564836865,0,-0.318469176,1,0,-0.731547435,134,3,29
729,-0.902344931,-0.548894292,0,-0.25667689,0,0,-0.651837345,67,2,42
730,-1.003176162,0.188631234,0,-0.236079462,0,0,-0.003555029,143,3,33
731,-1.127284506,0.630603555,0,-0.262469917,1,0,-0.708709429,3,2,31
732,-0.872224977,-0.569035602,0,-0.25732056,0,1,-0.65371987,97,1,99
733,-1.032651032,0.409617395,0,-0.442697418,0,0,0.048263961,53,3,34
734,-0.957288894,0.567464652,0,-0.290147712,1,0,0.409659306,213,2,31
735,-0.956601834,-0.569035602,0,-0.300768261,1,0,0.308547874,84,2,177
736,-1.060925889,-0.032354926,0,-0.244447167,1,0,-0.5879801,111,3,34
737,-0.987972889,-0.569035602,0,-0.141460024,1,0,0.394648643,219,2,55
738,-0.940420501,-0.569035602,0,-0.273090466,0,0,-0.72956583,228,1,136
739,-0.904150003,-0.569035602,0,-0.363204217,0,0,-0.75403866,177,3,85
740,-1.018066732,-0.569035602,0,-0.326193212,1,0,-0.764689791,61,1,144
741,-0.907031275,-0.569035602,0,-0.280492667,1,0,-0.666996629,66,1,89
742,-1.060925889,0.662173007,0,-0.197781118,1,0,0.104739724,125,2,179
743,-1.046935361,-0.000785475,0,-0.424674668,0,0,-0.824583825,188,3,107
744,-1.003176162,-0.569035602,0,-0.163666626,0,0,1.767356474,115,1,99
745,-1.003176162,-0.569035602,0,-0.390238342,0,1,-0.768405302,217,3,150
746,-1.000632672,-0.569035602,0,-0.285320189,0,0,-0.226386594,245,2,187
747,-1.052809216,-0.569035602,0,-0.249596524,0,0,-0.634894616,120,2,41
748,-0.92389936,-0.569035602,0,-0.161091948,0,0,1.189272541,213,3,31
749,-0.933438107,1.072575877,0,0.502209623,0,1,0.808308839,213,2,41
750,-1.018066732,-0.569035602,0,-0.27534331,0,0,-0.710344254,258,2,170
751,-1.032651032,-0.158632732,0,-0.400215221,1,0,-0.759141295,31,2,8
752,-0.50583218,-0.569035602,0,-0.319434681,0,0,-0.745666376,253,2,159
753,-1.06667893,-0.569035602,0,-0.396996873,1,0,-0.828745197,74,1,139
754,-1.032651032,-0.063924378,0,-0.346468806,1,0,0.919625541,249,3,38
755,-0.88980896,-0.569035602,0,-0.292400556,1,0,-0.727931005,104,3,109
756,-0.987972889,-0.569035602,0,-0.335204587,0,0,-0.697661977,7,3,35
757,-0.92389936,-0.569035602,0,-0.215803868,1,0,-0.69865278,255,2,90
758,-1.046935361,-0.221771635,0,-0.342928623,0,1,-0.754187281,199,2,99
759,-1.380205892,-0.569035602,0,-0.283711015,1,1,0.319991647,24,3,88
760,-1.093568406,-0.569035602,0,-0.368031739,1,0,-0.760132098,22,2,132
761,-0.92389936,-0.569035602,0,-0.150149564,0,0,-0.019952817,129,1,144
762,-1.032651032,-0.158632732,0,-0.443019253,0,1,-0.848808955,185,2,62
763,-0.355489002,-0.569035602,0,-0.286607529,1,0,0.261534278,47,3,35
764,-1.060925889,-0.569035602,0,-0.352583668,1,1,-0.773904258,18,3,22
765,-0.940420501,-0.569035602,0,-0.295940739,0,0,-0.751016712,207,2,126
766,-1.046935361,0.062353428,0,-0.351939998,0,1,0.34550482,170,2,55
767,-1.088049588,-0.569035602,0,-0.381870636,0,1,-0.793423074,174,2,33
768,-1.060925889,-0.032354926,0,-0.315894498,0,1,0.534252766,107,3,48
769,-1.018066732,-0.569035602,0,-0.227068087,0,0,-0.563160488,184,1,62
770,-0.972450348,-0.569035602,0,2.755053384,1,0,0.752031236,191,3,128
771,-0.972450348,-0.569035602,0,-0.42016898,1,0,-0.82299854,254,3,134
772,-0.872224977,-0.569035602,0,-0.300768261,1,0,0.104541563,174,3,35
773,-1.003176162,-0.569035602,0,-0.389272837,0,1,-0.780146316,36,3,100
774,-1.092178786,0.662173007,0,-0.242194323,1,0,-0.231538769,75,2,9
775,-0.987972889,-0.569035602,0,-0.216769372,1,1,-0.551469014,235,3,138
776,-1.088049588,0.188631234,0,-0.461363838,1,0,0.264358066,49,1,5
777,-0.956601834,-0.284910538,0,-0.280814502,1,0,-0.697711518,190,2,125
778,-1.093271882,0.630603555,0,-0.421778154,0,1,-0.788270899,76,2,103
779,-1.088049588,-0.569035602,0,-0.417916137,1,0,-0.799120191,174,3,8
780,-0.956601834,0.157061783,0,-0.141460024,1,0,0.344068156,161,2,39
781,-1.106309357,0.157061783,0,-0.156264425,1,0,-0.70885805,59,2,128
782,-0.879210866,-0.559122794,0,-0.369319078,1,0,-0.7885186,20,2,133
783,-0.92107735,-0.545611069,0,-0.252493038,0,1,-0.582233443,94,3,43
784,-0.978967412,-0.53746615,0,-0.357089355,0,1,-0.787924118,166,2,162
785,-1.131863956,-0.569035602,0,-0.447846775,0,1,-0.834838634,223,2,186
786,-1.085804283,0.030783977,0,-0.323940368,1,0,-0.635687258,135,2,1
787,-0.904150003,-0.554418946,0,-0.406008248,1,0,0.049205223,165,3,126
788,-0.969798911,-0.442757796,0,-0.355158346,1,1,-0.771873112,41,3,30
789,-1.051330199,-0.095493829,0,-0.447203105,1,0,-0.158070736,213,3,146
790,-0.953894717,0.09392288,0,2.111383738,0,0,1.271162398,95,1,99
791,-1.082257494,0.283339589,0,-0.315250828,0,0,-0.716635852,204,3,134
792,-1.118030084,2.493201194,0,2.433218561,0,0,1.043129119,25,3,84
793,-0.929089139,-0.569035602,0,-0.149505894,1,0,0.910262454,12,3,128
794,-1.32195592,-0.569035602,0,-0.141460024,0,1,0.685350204,164,2,150
795,-1.060925889,-0.569035602,0,0.180374799,1,0,2.798336396,130,3,141
796,-1.092178786,-0.569035602,0,-0.291435051,0,1,-0.703210473,12,2,54
797,-1.092178786,1.198853683,0,-0.349043484,1,1,-0.082274317,66,2,32
798,-1.037138162,-0.253341087,0,-0.17460901,0,0,-0.334730887,161,3,82
799,-1.00785373,-0.569035602,0,-0.436582556,1,0,-0.807244774,86,1,99
800,-1.00785373,-0.569035602,0,-0.179436533,1,0,-0.244765987,187,3,85
801,-1.078844569,-0.190202184,0,-0.319434681,0,1,-0.731696056,76,3,126
802,-1.156099548,-0.158632732,0,1.789548915,0,0,0.713340385,158,2,123
803,-1.078844569,-0.569035602,0,-0.31138881,0,0,-0.729912611,81,3,139
804,-1.124673205,1.451409295,0,-0.182011211,1,0,0.161364108,66,3,5
805,-1.2610609,4.134812673,0,-0.247665515,0,0,-0.129436534,204,3,9
806,-0.969929723,-0.569035602,0,-0.321043855,1,0,-0.192402056,194,2,139
807,-0.954028275,-0.569035602,0,-0.264722761,1,0,-0.676211095,3,2,137
808,-1.161088664,0.31490904,0,-0.200677631,0,0,1.120461282,16,3,130
809,-0.994355909,-0.569035602,0,-0.141460024,0,0,-0.486620967,152,3,53
810,-1.144107667,0.441186846,0,-0.372859261,1,0,0.031073531,215,2,135
811,-1.099103848,-0.569035602,0,-0.158839104,1,0,-0.006676058,8,1,11
812,-0.978967412,-0.569035602,0,-0.141460024,1,0,1.84201347,191,1,184
813,-1.156099548,0.72531191,0,-0.174287176,1,0,0.115935796,8,2,165
814,-1.268145993,-0.569035602,0,-0.162057452,0,0,-0.642276097,116,2,177
815,-0.823372604,-0.569035602,0,-0.293044225,0,0,-0.200625719,134,0,99
816,-1.038648238,-0.569035602,0,-0.39345669,0,0,0.119007285,116,1,171
817,-1.141348483,-0.190202184,0,-0.378974123,1,0,-0.780394017,249,3,38
818,-1.038648238,-0.127063281,0,-0.280814502,1,0,0.551641357,249,2,38
819,-1.061598013,1.230423134,0,-0.287894868,1,0,0.832286269,206,2,1
